category_string,cluster,meta_category,reviews
"Fire Tablets,Tablets,Computers & Tablets,All Tablets,Electronics, Tech Toys, Movies, Music,Electronics,iPad & Tablets,Android Tablets,Frys",1,Fire tablets,10966
"Stereos,Remote Controls,Amazon Echo,Audio Docks & Mini Speakers,Amazon Echo Accessories,Kitchen & Dining Features,Speaker Systems,Electronics,TVs Entertainment,Clearance,Smart Hubs & Wireless Routers,Featured Brands,Wireless Speakers,Smart Home & Connected Living,Home Security,Kindle Store,Home Automation,Home, Garage & Office,Home,Voice-Enabled Smart Assistants,Virtual Assistant Speakers,Portable Audio & Headphones,Electronics Features,Amazon Device Accessories,iPod, Audio Player Accessories,Home & Furniture Clearance,Consumer Electronics,Smart Home,Surveillance,Home Improvement,Smart Home & Home Automation Devices,Smart Hubs,Home Safety & Security,Voice Assistants,Alarms & Sensors,Amazon Devices,Audio,Holiday Shop",3,Echo & Fire TV,6619
"Back To College,College Electronics,College Tvs & Home Theater,Electronics,Tvs & Home Theater,Streaming Devices,Featured Brands,Amazon Devices,Holiday Shop,Ways To Shop,TV & Home Theater,Streaming Media Players,All Streaming Media Players,TVs Entertainment,Video Games,Kindle Store,Electronics Features,Kids & Family,Fire TV",5,TV & home theatre (unnamed products),5056
"Walmart for Business,Office Electronics,Tablets,Office,Electronics,iPad & Tablets,Windows Tablets,All Windows Tablets,Computers & Tablets,E-Readers & Accessories,E-Readers,eBook Readers,Kindle E-readers,Computers/Tablets & Networking,Tablets & eBook Readers,Electronics Features,Books & Magazines,Book Accessories,eReaders,TVs & Electronics,Computers & Laptops,Tablets & eReaders",0,E-readers (Kindle),3176
"Electronics,iPad & Tablets,All Tablets,Fire Tablets,Tablets,Computers & Tablets",1,Fire tablets,2814
"Tablets,Fire Tablets,Computers & Tablets,All Tablets",1,Fire tablets,1699
"Computers/Tablets & Networking,Tablets & eBook Readers,Computers & Tablets,Tablets,All Tablets",1,Fire tablets,1038
"Featured Brands,Electronics,Amazon Devices,Home,Home Improvement,Home Safety & Security,Home Security,Alarms & Sensors,Smart Home & Home Automation Devices,Mobile,Mobile Speakers,Mobile Bluetooth Speakers,Smart Hubs & Wireless Routers,Smart Hubs,Home, Garage & Office,Smart Home,Voice Assistants,Smart Home & Connected Living,Amazon Tap,Portable Audio,MP3 Accessories,Speakers,Amazon Echo,Electronics Features,TVs & Electronics,Portable Audio & Electronics,MP3 Player Accessories,Home Theater & Audio,Kindle Store,Frys,Electronic Components,Home Automation,Electronics, Tech Toys, Movies, Music,Audio,Bluetooth Speakers",3,Echo & Fire TV,636
"Walmart for Business,Office Electronics,Tablets,Electronics,iPad & Tablets,All Tablets,Computers & Tablets,E-Readers & Accessories,Kindle E-readers,Electronics Features,eBook Readers,See more Amazon Kindle Voyage (Wi-Fi),See more Amazon Kindle Voyage 4GB, Wi-Fi  3G (Unlocked...",0,E-readers (Kindle),580
"Amazon Devices & Accessories,Amazon Device Accessories,Power Adapters & Cables,Kindle Store,Kindle E-Reader Accessories,Kindle Paperwhite Accessories",2,Accessories & power,401
"Electronics Features,Fire Tablets,Computers & Tablets,Tablets,All Tablets,Computers/Tablets & Networking,Tablets & eBook Readers",1,Fire tablets,372
"Fire Tablets,Tablets,Computers & Tablets,All Tablets,Computers/Tablets & Networking,Tablets & eBook Readers",1,Fire tablets,270
"Electronics,Tablets & E-Readers,Tablets,Back To College,College Electronics,College Ipads & Tablets,Featured Brands,Amazon Devices,Electronics Deals,Computers & Tablets,All Tablets,Electronics Features,eBook Readers",5,TV & home theatre (unnamed products),256
"Electronics,iPad & Tablets,All Tablets,Computers/Tablets & Networking,Tablets & eBook Readers,Computers & Tablets,E-Readers & Accessories,E-Readers,Used:Computers Accessories,Used:Tablets,Computers,iPads Tablets,Kindle E-readers,Electronics Features",2,Accessories & power,212
"Tablets,Fire Tablets,Electronics,Computers,Computer Components,Hard Drives & Storage,Computers & Tablets,All Tablets",1,Fire tablets,158
"Chargers & Adapters,Computers & Accessories,Tablet & E-Reader Accessories,Amazon Devices & Accessories,Fire Tablet Accessories,Electronics,Power Adapters & Cables,Cell Phones,Amazon Device Accessories,Cell Phone Accessories,Cell Phone Batteries & Power,Tablet Accessories,Featured Brands,Kindle Fire (2nd Generation) Accessories,Kindle Store,Home Improvement,Fire (5th Generation) Accessories,Electrical,Amazon Devices,Home,Tablets & E-Readers,Cables & Chargers",2,Accessories & power,73
"eBook Readers,Kindle E-readers,Computers & Tablets,E-Readers & Accessories,E-Readers",2,Accessories & power,67
"Computers & Tablets,E-Readers & Accessories,eBook Readers,Kindle E-readers",2,Accessories & power,51
"Electronics,iPad & Tablets,All Tablets,Computers & Tablets,Tablets,eBook Readers",1,Fire tablets,30
"Kindle Store,Categories,eBook Readers & Accessories,Fire TV Accessories,Electronics,Power Adapters & Cables,Amazon Device Accessories,Power Adapters",2,Accessories & power,16
"Electronics,eBook Readers & Accessories,Power Adapters,Computers/Tablets & Networking,Tablet & eBook Reader Accs,Chargers & Sync Cables,Power Adapters & Cables,Kindle Store,Amazon Device Accessories,Kindle Fire (2nd Generation) Accessories,Fire Tablet Accessories",2,Accessories & power,15
"mazon.co.uk,Amazon Devices",0,E-readers (Kindle),15
"Cases,Kindle Store,Amazon Device Accessories,Accessories,Tablet Accessories",2,Accessories & power,13
"Computers/Tablets & Networking,Tablet & eBook Reader Accs,Chargers & Sync Cables,Power Adapters & Cables,Kindle Store,Amazon Device Accessories,Fire Tablet Accessories,Kindle Fire (2nd Generation) Accessories",2,Accessories & power,13
"Computers & Tablets,Tablets,All Tablets,Computers/Tablets & Networking,Tablets & eBook Readers,Fire Tablets,Frys",1,Fire tablets,10
"Electronics,Amazon Device Accessories,Kindle Store,Covers,Kindle E-Reader Accessories,Kindle DX (2nd Generation, Global Wireless) Accessories",2,Accessories & power,10
"Power Adapters & Cables,Electronics,USB Cables",4,USB cables,8
"Categories,Streaming Media Players,Electronics",4,USB cables,8
"TVs Entertainment,Wireless Speakers,Virtual Assistant Speakers,Featured Brands,Electronics,Amazon Devices,Home,Home Improvement,Home Safety & Security,Home Security,Alarms & Sensors,Smart Home & Home Automation Devices,Smart Hubs & Wireless Routers,Smart Hubs,Consumer Electronics,Voice-Enabled Smart Assistants,Smart Home & Connected Living,Home, Garage & Office,Smart Home,Voice Assistants,Surveillance,Home Automation,Speakers,Electronics Features,Holiday Shop,TV, Video & Home Audio,Internet & Media Streamers,Amazon Echo,Hubs & Controllers",3,Echo & Fire TV,7
"Fire Tablets,Tablets,Computers & Tablets,All Tablets",1,Fire tablets,7
"Amazon Device Accessories,Kindle Store,Kindle Touch (4th Generation) Accessories,Kindle E-Reader Accessories,Covers,Kindle Touch (4th Generation) Covers",2,Accessories & power,6
"Kindle E-readers,Electronics Features,Computers & Tablets,E-Readers & Accessories,E-Readers,eBook Readers",2,Accessories & power,6
"Electronics,Computers,Computer Accessories,Cases & Bags,Fire Tablets,Electronics Features,Tablets,Computers & Tablets,Kids' Tablets,Electronics, Tech Toys, Movies, Music,iPad & Tablets,Top Rated",1,Fire tablets,6
"Electronics,eBook Readers & Accessories,Covers,Kindle Store,Amazon Device Accessories,Kindle E-Reader Accessories,Kindle (5th Generation) Accessories,Kindle (5th Generation) Covers",2,Accessories & power,5
"Electronics,Categories,Fire TV,Kindle Store",4,USB cables,3
"Frys,Software & Books,eReaders & Accessories,Tablet Cases Covers,Tablet Accessories,Computer Accessories",2,Accessories & power,2
"Electronics,Categories,Streaming Media Players,Amazon Devices",4,USB cables,1
"Fire Tablets,Tablets,Computers & Tablets,All Tablets,Frys",1,Fire tablets,1
