product_name,reviews,mean_rating,category,gold
"Fire Tablet, 7 Display, Wi-Fi, 8 GB - Includes Special Offers, Magenta",10962,4.453293194672505,Tablets,Tablets
Echo (White),3310,4.645317220543807,Smart speakers,Smart speakers
Amazon Kindle Paperwhite - eBook reader - 4 GB - 6 monochrome Paperwhite - touchscreen - Wi-Fi - black,3176,4.755037783375315,E-readers,E-readers
"All-New Fire HD 8 Tablet, 8 HD Display, Wi-Fi, 16 GB - Includes Special Offers, Magenta",2814,4.586709310589908,Tablets,Tablets
Amazon Fire Tv,2528,4.650316455696203,Streaming,Streaming
"Fire Kids Edition Tablet, 7 Display, Wi-Fi, 16 GB, Green Kid-Proof Case",1685,4.510385756676558,Tablets,Tablets
Brand New Amazon Kindle Fire 16gb 7 Ips Display Tablet Wifi 16 Gb Blue,1033,4.55082284607938,Tablets,Tablets
"Kindle Voyage E-reader, 6 High-Resolution Display (300 ppi) with Adaptive Built-in Light, PagePress Sensors, Wi-Fi - Includes Special Offers",580,4.743103448275862,E-readers,E-readers
"Fire Tablet, 7 Display, Wi-Fi, 8 GB - Includes Special Offers, Black",368,4.600543478260869,Tablets,Tablets
Amazon - Amazon Tap Portable Bluetooth and Wi-Fi Speaker - Black,318,4.729559748427673,Smart speakers,Smart speakers
"All-New Kindle E-reader - Black, 6 Glare-Free Touchscreen Display, Wi-Fi -  Includes Special Offers",212,4.429245283018868,E-readers,E-readers
Amazon 5W USB Official OEM Charger and Power Adapter for Fire Tablets and Kindle eReaders,207,4.458937198067633,Chargers & cables,Accessories
"All-New Fire HD 8 Tablet, 8 HD Display, Wi-Fi, 32 GB - Includes Special Offers, Magenta",146,4.568493150684931,Tablets,Tablets
Amazon Fire Hd 8 8in Tablet 16gb Black B018szt3bk 6th Gen (2016) Android,135,4.7407407407407405,Tablets,Tablets
"Amazon Fire Hd 10 Tablet, Wi-Fi, 16 Gb, Special Offers - Silver Aluminum",128,4.7734375,Tablets,Tablets
"Kindle Oasis E-reader with Leather Charging Cover - Merlot, 6 High-Resolution Display (300 ppi), Wi-Fi - Includes Special Offers",67,4.611940298507463,E-readers,E-readers
Amazon 9W PowerFast Official OEM USB Charger and Power Adapter for Fire Tablets and Kindle eReaders,36,4.694444444444445,Chargers & cables,Accessories
"Kindle Paperwhite E-reader - White, 6 High-Resolution Display (300 ppi) with Built-in Light, Wi-Fi - Includes Special Offers",30,4.533333333333333,E-readers,E-readers
Amazon - Kindle Voyage - 4GB - Wi-Fi + 3G - Black,26,4.653846153846154,E-readers,E-readers
"Fire HD 8 Tablet with Alexa, 8 HD Display, 32 GB, Tangerine - with Special Offers",14,4.857142857142857,Tablets,Tablets
"Kindle Dx Leather Cover, Black (fits 9.7 Display, Latest and 2nd Generation Kindle Dxs)",9,4.777777777777778,Cases & covers,Accessories
Kindle Paperwhite,9,4.888888888888889,E-readers,E-readers
Amazon Echo and Fire TV Power Adapter,8,4.875,Streaming,Accessories
New Amazon Kindle Fire Hd 9w Powerfast Adapter Charger + Micro Usb Angle Cable,7,4.285714285714286,Chargers & cables,Accessories
"Amazon Fire Hd 6 Standing Protective Case(4th Generation - 2014 Release), Cayenne Red",7,4.857142857142857,Cases & covers,Accessories
"Kindle Oasis E-reader with Leather Charging Cover - Black, 6 High-Resolution Display (300 ppi), Wi-Fi - Includes Special Offers",6,3.8333333333333335,E-readers,E-readers
"Amazon Fire Kids Edition Tablet, 7 Display, Wi-Fi, 16 GB, Blue Kid-Proof Case - Blue",6,4.833333333333333,Tablets,Tablets
"Fire HD 8 Tablet with Alexa, 8 HD Display, 16 GB, Tangerine - with Special Offers",6,4.666666666666667,Tablets,Tablets
"Amazon - Fire 16GB (5th Gen, 2015 Release) - Black",5,4.6,Tablets,Tablets
Echo (Black),4,5.0,Smart speakers,Smart speakers
Amazon Kindle Fire 5ft USB to Micro-USB Cable (works with most Micro-USB Tablets),4,4.25,Chargers & cables,Accessories
Certified Refurbished Amazon Fire TV with Alexa Voice Remote,4,5.0,Streaming,Streaming
Amazon Kindle Lighted Leather Cover,3,3.6666666666666665,Cases & covers,Accessories
Certified Refurbished Amazon Fire TV (Previous Generation - 1st),3,4.333333333333333,Streaming,Streaming
"Amazon Kindle Touch Leather Case (4th Generation - 2011 Release), Olive Green",3,5.0,Cases & covers,Accessories
Amazon Kindle Fire Hd (3rd Generation) 8gb,2,4.5,Tablets,Tablets
Kindle Keyboard,2,4.5,E-readers,E-readers
Certified Refurbished Amazon Fire TV Stick (Previous Generation - 1st),2,5.0,Streaming,Streaming
Amazon Standing Protective Case for Fire HD 6 (4th Generation) - Black,1,4.0,Cases & covers,Accessories
